Workbook

Sheet HELP & GUIDE
A1: ROI CALCULATOR - HELP & GUIDE
A3: WORKFLOW:
A4: 1. Start met Use_Case_Template.xlsx
A5: → Kopieer Privacy Score (Tab 2, cel B11)
A6: 2. Open ROI_Calculator.xlsx
A7: 3. Ga naar "Finale Score" sheet → Plak privacy in B4
A8: 4. Vul sheets in deze volgorde:
A9: a. Hardware TCO
A10: b. Cloud TCO
A11: c. Besparingen
A12: d. Terug naar Finale Score voor resultaat
A14: HARDWARE TIER KEUZE:
A15: Tier | B15: Prijs | C15: Specs | D15: Voor
A16: Budget | B16: €1.650 | C16: GTX 1660 Ti, 16GB RAM | D16: Kleine modellen (8B), < 100 docs/maand
A17: Mid-range | B17: €1.900 | C17: RTX 3060, 32GB RAM | D17: Medium modellen (14B), 100-500 docs/maand
A18: High-end | B18: €4.250 | C18: RTX 4090, 64GB RAM | D18: Grote modellen (32B), > 500 docs/maand
A20: API KEUZE:
A21: API | B21: Prijs | C21: Latency | D21: Voor
A22: Batch | B22: €0.0071/doc | C22: Uren | D22: Batch processing, niet real-time
A23: Haiku 4.5 | B23: €0.0016/query | C23: < 1s | D23: Real-time, simpele taken
A24: Sonnet 4.5 | B24: €0.0047/query | C24: 1-3s | D24: Real-time, complexe taken
A26: FTE BEREKENING:
A27: 1 FTE = 160 uren per maand (40u/week × 4 weken)
A28: Voorbeeld: 50 uur bespaard/maand = 50/160 = 0.31 FTE
A30: BREAK-EVEN INTERPRETATIE:
A31: Optimistisch: Zonder buffer (ideale scenario)
A32: Conservatief: Met ×0.7 buffer (realistisch)
A34: Buffer ×0.7 accounts voor:
A35: • Learning curve (3-6 maanden)
A36: • Adoptie trager dan verwacht
A37: • Onvoorziene problemen
A38: • Tijd voor fine-tuning
A40: Timing interpretatie: | B40: < 6 maanden: Excellent
B41: 6-12 maanden: Goed
B42: 12-18 maanden: Acceptabel
B43: > 18 maanden: Moeilijk

Sheet Hardware TCO
A1: HARDWARE TCO BEREKENING (3 jaar)
A2: Vul hardware specs in. Zie tab "HELP & GUIDE" voor Tier keuze!
A3: A. HARDWARE KEUZE
A4: Tier: | B4: Mid-range | C4: (Budget/Mid-range/High-end)
A5: Hardware prijs: | B5: =IF(B4="Budget",1650,IF(B4="Mid-range",1900,IF(B4="High-end",4250,1900))) -> 1900
A7: B. SETUP KOSTEN (eenmalig)
A8: IT uren setup: | B8: 8
A9: Training uren: | B9: 6
A10: Uurloon (€): | B10: 75
A11: Totaal setup: | B11: =(B8+B9)*B10 -> 1050
A13: C. OPERATIONEEL PER MAAND
A14: Elektriciteit (€/maand): | B14: =IF(B4="Budget",6,IF(B4="Mid-range",13,IF(B4="High-end",19,13))) -> 13
A15: Onderhoud (€/maand): | B15: 100
A16: Monitoring uren/maand: | B16: 4
A17: Monitoring kosten: | B17: =B16*B10 -> 300
A18: Totaal operationeel/maand: | B18: =B14+B15+B17 -> 413
A20: D. TCO OVERZICHT
A21: TCO Jaar 1: | B21: =B5+B11+(B18*12) -> 7906
A22: TCO Jaar 2-3: | B22: =B18*24 -> 9912
A23: TCO 3-jaar totaal: | B23: =B21+B22 -> 17818
A24: Per maand gemiddeld: | B24: =B23/36 -> 494.94444

Sheet Cloud TCO
A1: CLOUD API TCO BEREKENING (3 jaar)
A2: Kies Anthropic API. Zie tab "HELP & GUIDE" voor API keuze!
A3: A. API KEUZE
A4: API Provider: | B4: Batch | C4: (Batch/Sonnet/Haiku/Custom)
A5: Prijs per query/doc (€): | B5: =IF(B4="Batch",0.0071,IF(B4="Sonnet",0.0047,IF(B4="Haiku",0.0016,0))) -> 0.0071
A7: B. VOLUME & GROEI
A8: Queries/docs per maand: | B8: 50
A9: Jaar 2 groei factor: | B9: 1.2
A10: Jaar 3 groei factor: | B10: 1.4
A12: C. KOSTEN PER JAAR
A13: Setup (eenmalig): | B13: =8*60 -> 480
A14: Jaar 1 API kosten: | B14: =B8*B5*12 -> 4.26
A15: Jaar 2 API kosten: | B15: =B8*B9*B5*12 -> 5.112
A16: Jaar 3 API kosten: | B16: =B8*B10*B5*12 -> 5.964
A18: D. TCO OVERZICHT
A19: TCO 3-jaar totaal: | B19: =B13+B14+B15+B16 -> 495.336
A20: Per maand gemiddeld: | B20: =B19/36 -> 13.759333

Sheet Besparingen
A1: BESPARINGEN BEREKENING
A2: Bereken tijdwinst + kwaliteitswinst. Zie "HELP & GUIDE" voor FTE uitleg!
A3: A. TIJDWINST (FTE)
A4: Huidige tijd per taak (min): | B4: 45
A5: LLM tijd per taak (min): | B5: 8
A6: Taken per maand: | B6: 100
A7: FTE uurloon (€/uur): | B7: 40
A9: Bespaard per taak (min): | B9: =B4-B5 -> 37
A10: Totaal per maand (uren): | B10: =(B9*B6)/60 -> 61.666667
A11: FTE bespaard: | B11: =B10/160 -> 0.38541667
A12: Besparing tijdwinst (€/maand): | B12: =B11*B7*160 -> 2466.6667
A14: B. KWALITEITSWINST (FOUTEN)
A15: Huidig foutpercentage: | B15: 0.19
A16: LLM foutpercentage: | B16: 0.05
A17: Kosten per fout (€): | B17: 75
A18: Volume per maand: | B18: 60
A20: Fouten nu: | B20: =B18*B15 -> 11.4
A21: Fouten met LLM: | B21: =B18*B16 -> 3
A22: Fouten vermeden: | B22: =B20-B21 -> 8.4
A23: Besparing kwaliteit (€/maand): | B23: =B22*B17 -> 630
A25: C. TOTALE BESPARING
A26: Besparing per maand: | B26: =B12+B23 -> 3096.6667
A27: Besparing per jaar: | B27: =B26*12 -> 37160
A28: BREAK-EVEN BEREKENING | B28: =B27*3 -> 111480
A29: Break-even Hardware (maanden): | B29: =IF(B26>0,'Hardware TCO'!B21/B26,0) -> 2.5530678
A30: Break-even Cloud (maanden): | B30: =IF(B26>0,'Cloud TCO'!B13/B26,0) -> 0.15500538
A31: Break-even Hardware conservatief (×0.7): | B31: =IF(B26>0,'Hardware TCO'!B21/(B26*0.7),0) -> 3.6472397
A32: Break-even Cloud conservatief (×0.7): | B32: =IF(B26>0,'Cloud TCO'!B13/(B26*0.7),0) -> 0.22143626

Sheet Finale Score
A1: BESLISSINGSMATRIX (0-100 punten)
A2: Finale beslissing obv 3 scores. Privacy eerst invullen uit Use_Case_Template!
A3: Kopieer Privacy Score uit Use_Case_Template Tab 2 cel B11:
A4: Privacy Score (0-100): | B4: 44 | C4: (Importeer van Use_Case_Template Tab 2)
A5: Privacy score voor matrix: | B5: =MIN(B4,50) -> 44
A7: B. QUALITY SCORE (max 30)
A8: Foutreductie %: | B8: =IF(Besparingen!B15>0,(Besparingen!B15-Besparingen!B16)/Besparingen!B15,0) -> 0.73684211
A9: Tijdwinst %: | B9: =IF(Besparingen!B4>0,(Besparingen!B4-Besparingen!B5)/Besparingen!B4,0) -> 0.82222222
A10: Quality score berekend: | B10: =MIN((B8*0.6+B9*0.4)*100,30) -> 30
A12: C. COST SCORE (max 20)
A13: Hardware TCO 3-jaar: | B13: ='Hardware TCO'!B23 -> 17818
A14: Cloud TCO 3-jaar: | B14: ='Cloud TCO'!B19 -> 495.336
A15: Goedkoper optie: | B15: =IF(B13<B14,"Hardware","Cloud") -> Cloud
A16: Cost verschil factor: | B16: =MAX(B13,B14)/MIN(B13,B14) -> 35.971543
A17: Cost score: | B17: =IF(B15="Hardware",MIN(20,(B16-1)*2),MAX(0,20-(B16-1)*2)) -> 0
A19: D. FINALE SCORE
A20: Privacy: | B20: =B5 -> 44
A21: Quality: | B21: =B10 -> 30
A22: Cost: | B22: =B17 -> 0
A24: TOTAAL SCORE: | B24: =B20+B21+B22 -> 74
A26: E. BESLISSING
A27: Aanbeveling: | B27: =IF(B24>70,"HARDWARE",IF(B24>50,"OVERWEGING","CLOUD")) -> HARDWARE
A29: INTERPRETATIE:
A30: Privacy score: | B30: =IF(B4<30,"Cloud mogelijk",IF(B4<50,"Hardware overwegen",IF(B4<70,"Hardware aangeraden","Hardware verplicht"))) -> Hardware overwegen
A31: Break-even realistisch (maanden): | B31: =IF(B15="Hardware",Besparingen!B31,Besparingen!B32) -> 0.22143626
A32: Investering terugverdiend in: | B32: =IF(B31<6,"<6 maanden (excellent)",IF(B31<12,"6-12 maanden (goed)",IF(B31<18,"12-18 maanden (acceptabel)",">18 maanden (moeilijk)"))) -> <6 maanden (excellent)
